n;seqTime;parTime;speedup;meanError;maxError;iterSeq;iterPar
16;0.00224805;0.00727606;0.308965;1.39944e-08;3.51389e-08;1000;1000
32;0.00936294;0.0109179;0.857576;0.00686317;0.0214277;1000;1000
64;0.0287931;0.013514;2.13061;0.114424;0.283929;1000;1000
128;0.0844178;0.0328259;2.57168;0.310792;0.841076;1000;1000
256;0.231005;0.140766;1.64105;0.410677;1.1223;1000;1000
512;0.911423;0.450887;2.0214;0.445836;1.17536;1000;1000
1024;3.81456;1.9037;2.00376;0.4396;1.2188;1000;1000
2048;15.2204;7.23016;2.10512;0.450182;1.30024;1000;1000
