n;seqTime;parTime;speedup;meanError;maxError;iterSeq;iterPar
16;0.00319195;0.00547791;0.582695;1.68644e-08;3.6755e-08;1000;1000
32;0.00815916;0.00873494;0.934083;0.00490058;0.0113614;1000;1000
64;0.032202;0.021142;1.52313;0.13839;0.33067;1000;1000
128;0.129667;0.0668418;1.93991;0.328384;0.774218;1000;1000
256;0.513245;0.239913;2.1393;0.411748;0.940326;1000;1000
512;2.06867;0.954984;2.16618;0.436531;0.984851;1000;1000
1024;8.48985;4.29779;1.9754;0.442831;0.996194;1000;1000
2048;33.9283;19.0308;1.78281;0.44425;0.999047;1000;1000
