n;seqTime;parTime;speedup;efficiency;meanError;maxError;iterSeq;iterPar
16;0.0031209;0.0213928;0.145885;0.0364713;8.33155e-16;1.77636e-15;1000;1000
32;0.0125589;0.025126;0.499839;0.12496;5.26142e-05;0.000122405;1000;1000
64;0.0502918;0.0412018;1.22062;0.305155;0.0430532;0.103057;1000;1000
128;0.202851;0.101012;2.00819;0.502047;0.242848;0.584608;1000;1000
256;0.80702;0.331968;2.43102;0.607754;0.379981;0.882526;1000;1000
512;3.22045;1.18966;2.70704;0.67676;0.427371;0.969825;1000;1000
1024;13.0763;4.67823;2.79513;0.698782;0.440406;0.992398;1000;1000
2048;52.3843;19.5082;2.68525;0.671312;0.443629;0.998095;1000;1000
