n;seqTime;parTime;speedup;meanError;maxError;iterSeq;iterPar
16;0.00314403;0.0230501;0.1364;8.33155e-16;1.77636e-15;1000;1000
32;0.012543;0.02511;0.499521;5.26142e-05;0.000122405;1000;1000
64;0.050282;0.0426021;1.18027;0.0430532;0.103057;1000;1000
128;0.202784;0.0997581;2.03276;0.242848;0.584608;1000;1000
256;0.807028;0.315897;2.55472;0.379981;0.882526;1000;1000
512;3.2217;1.17997;2.73033;0.427371;0.969825;1000;1000
1024;13.0844;4.67106;2.80117;0.440406;0.992398;1000;1000
2048;52.4327;19.4518;2.69552;0.443629;0.998095;1000;1000
