n; seqTime; parTime; speedup; efficiency; meanError; maxError; iterSeq; iterPar
16; 0.00210881; 0.00575781; 0.366253; 0.0915631; 1.68644e-08; 3.6755e-08; 1000; 1000
32; 0.00819898; 0.00980902; 0.835861; 0.208965; 0.00490058; 0.0113614; 1000; 1000
64; 0.032228; 0.0214429; 1.50297; 0.375742; 0.13839; 0.33067; 1000; 1000
128; 0.129718; 0.067806; 1.91308; 0.478269; 0.328384; 0.774218; 1000; 1000
256; 0.513034; 0.2585; 1.98466; 0.496165; 0.411748; 0.940326; 1000; 1000
512; 2.07177; 0.961065; 2.1557; 0.538925; 0.436531; 0.984851; 1000; 1000
1024; 8.49353; 4.29989; 1.97529; 0.493822; 0.442831; 0.996194; 1000; 1000
2048; 33.9062; 19.2902; 1.75769; 0.439422; 0.44425; 0.999047; 1000; 1000
