n;seqTime;parTime;speedup;meanError;maxError;iterSeq;iterPar
16;0.00186491;0.0219779;0.0848539;8.17407e-16;1.77636e-15;1000;1000
32;0.00817394;0.0235329;0.347342;7.27749e-05;0.000169308;1000;1000
64;0.031487;0.0326591;0.964112;0.035301;0.0845233;1000;1000
128;0.124688;0.0616729;2.02176;0.233068;0.577729;1000;1000
256;0.499934;0.175322;2.85152;0.380115;0.931504;1000;1000
512;2.0047;0.620981;3.22828;0.435186;1.03466;1000;1000
1024;8.09165;2.49404;3.24439;0.433159;1.00891;1000;1000
2048;32.6462;9.69294;3.36804;0.444462;1.06391;1000;1000
